Password,Category
7789436,Weak
359306,Weak
789356,Weak
iqkswx,Weak
3526006,Weak
8371423,Weak
qzaldkt,Weak
33426,Weak
cvqcegis,Weak
6391,Weak
xabht,Weak
456892,Weak
22948,Weak
zlerqwl,Weak
ozaho,Weak
yxvtxpth,Weak
42574850,Weak
wxkxh,Weak
fpnwxs,Weak
847828,Weak
etbpxk,Weak
jbdjrue,Weak
95473562,Weak
wjmtyp,Weak
80140,Weak
816440,Weak
vsacnh,Weak
541793,Weak
preax,Weak
aabonllj,Weak
ydlfdz,Weak
mjdwaz,Weak
660920,Weak
292914,Weak
40165047,Weak
70354,Weak
899867,Weak
52468,Weak
swjkzzgn,Weak
92177,Weak
27326,Weak
drxyh,Weak
tmbibk,Weak
rancvo,Weak
xfege,Weak
792641,Weak
epoleqz,Weak
tyoqmb,Weak
dumau,Weak
lpnibgf,Weak
fxbjakyy,Weak
935783,Weak
pzlpmdj,Weak
uxhkoqxx,Weak
39038110,Weak
ixhaqmrv,Weak
714251,Weak
83795050,Weak
5208251,Weak
qxghkzb,Weak
34401,Weak
43292,Weak
rqjgnes,Weak
76900,Weak
gmqwc,Weak
fvlcgj,Weak
jntnlv,Weak
93519813,Weak
87415,Weak
zayjzdx,Weak
17038,Weak
13364666,Weak
5538055,Weak
285994,Weak
5828313,Weak
rbquh,Weak
zxshpfiq,Weak
xbhhkof,Weak
jhpil,Weak
zwcqhlmx,Weak
fzvmyw,Weak
hfydnipx,Weak
ydleble,Weak
44475,Weak
121837,Weak
38529069,Weak
brilh,Weak
44377,Weak
fqndqok,Weak
mjygsa,Weak
7184489,Weak
rndlvv,Weak
qvcefwc,Weak
30803,Weak
7418965,Weak
95055178,Weak
51090988,Weak
etgkenvo,Weak
9748710,Weak
ufqebn,Weak
4HQWG2lJx7,Medium
90uGqBcBw,Medium
BHUwgUn0U,Medium
X3oqK7Cow0,Medium
qCuHAn3q11,Medium
8lVNx8Hpg,Medium
Yfo25r2URx,Medium
KeG0F6Rii,Medium
5P4kYH%r6c,Medium
8L0BDO7c6hK@,Medium
rCzZQIoX1x4q,Medium
5Kwf54GC3p,Medium
FJGlYq43H,Medium
uSqu1sS5baNt,Medium
VxFCalZ0$,Medium
A8jJ9vD8Woe,Medium
1zMNuXTUwUNk,Medium
QE#cZi9VM,Medium
s9RZ%IXoegUw,Medium
6AWWfginchOo,Medium
p#G0Y0@Jd#$4,Medium
ZjBUSXb#5Xw,Medium
UEuPG8d4RhYa,Medium
rZ76$rjLuNdf,Medium
YjSdyZ2IT9k7,Medium
0YoI#FPtV6,Medium
BBONF4yA@0pj,Medium
M3N9cQFDnPp,Medium
UB7E0RzZ5,Medium
F2bgDNLZ%Sv,Medium
YRQbPLUcU0F,Medium
Jvn66GVmq9v,Medium
XGGF#PztNu4,Medium
Q5sNCTcPLj,Medium
XoH7d49DTfFF,Medium
c$MyQ6XNzH,Medium
MtkHsBolW9I,Medium
9MgX6GXxaA,Medium
3ha1JyNkm5,Medium
WcSRvU3JvM5,Medium
yuKkucz9a,Medium
Q2iTkcsD2,Medium
1K50eCBjsr8,Medium
y8IQcJviL6#D,Medium
JKk@@hq#sv6Q,Medium
MWvDl4znfQ,Medium
3iwb9lP1l,Medium
570lAn$@$m,Medium
8H7K@5sH01,Medium
IxW8QEc9w@ai,Medium
qcF4b0RG8B,Medium
NYm3S6MLt,Medium
XhlG1$ZrEM,Medium
86XFBf7vm,Medium
SuK74#f@94NV,Medium
B6R2#9TZX69P,Medium
i190C@$hCjZ,Medium
QHmDY%15z,Medium
4nCB7o5Gg,Medium
Sfg%8yH4i,Medium
rL5DgWV7ZY,Medium
D%GpT823O10t,Medium
2rsboOea3hC,Medium
Ogm3g$8HL,Medium
35XKwwIXmV4,Medium
RF3v%cq8jk,Medium
TLFsIu617,Medium
5KaEPWsWSVA,Medium
7R7KQWPDdDox,Medium
$NWYW#6GFhnJ,Medium
2IXSO5JP7a29,Medium
bCth@jm4FGgC,Medium
4#JLT6p6Zw,Medium
if5W2@4BfC,Medium
2jI4oiCyZmM,Medium
KI#3kG5V9l,Medium
Pa@N%oMN0vla,Medium
0yQ7CQ%7rN,Medium
0JhyJoU%VQl,Medium
NcB2VS$z2,Medium
O9qXGOfpa,Medium
B9uPS$BUzJ,Medium
V685PetISO,Medium
oq@LYb3%Hn,Medium
qtApgI53X,Medium
vT##93QU3mp,Medium
XOb#J0T3@JN,Medium
9sHJejtOj,Medium
l6c5hWLb9,Medium
$8fB$kEGMZ,Medium
9LpDFhk5rR%,Medium
@IORTUFT3,Medium
D68VlBd8Vr,Medium
v#81M7jAqb,Medium
Yfsd9b%%5A,Medium
A6RCRs20DqH,Medium
n9JzmOy0Uzu,Medium
z06FGHBA4U,Medium
fv2qWkR0mAWZ,Medium
m5kyXo9yCxw,Medium
"fj8xfZ3OqX!~,1",Strong
hZnd$:L?Z&*'{X>%,Strong
pyXi6ujE#0BO4(,Strong
is*Y\['d/XaJwW,Strong
6hsX#yfBjii'7',Strong
jWD$UyQ%a)95UWtc,Strong
>`s3)C0v3XkS7VO,Strong
N>};V?ojip~:;n,Strong
"u_A.Sth0""y%06D+0",Strong
"?NhUc&Me{D""QzHws",Strong
"I7F[rALGUS=,SI7",Strong
`vL`MS]-wsr{85,Strong
!G``=\AZyHk:XD0,Strong
"oR,,~_sEg12S48A",Strong
",*$l?gn&J.Lc(<",Strong
!EN*orYTcDE/Sb,Strong
"{F,MhK5tgJ4F2`9",Strong
_*Xh}jeYP#5f.SrX,Strong
@!Omb<1/R`@Iq%,Strong
_ZBO@;;%NudKGDq,Strong
WAK_qYKE33Lo+JN,Strong
$$q/}&soDK`$w',Strong
mPU8+Pz][SKv|+(,Strong
"1:_x\3,e[q,6+6u-",Strong
\1BG+5fHWif\MjZ,Strong
Mcep2bW'$o?'U3,Strong
}S[QH#rx+svIXn[L,Strong
6;(JssNqKDw4Ugc,Strong
N0Zyx/pQKuTO?g@,Strong
kXEa#V#sJ'p(XN\,Strong
"?v!o|~Jf59^QX6,c",Strong
TL[pNR&pdGo`RU7#,Strong
cf\*d[QWhNE}<),Strong
"GV""K,(%+Q@9N~q",Strong
p{-9FrT{Tnujgc,Strong
]Yngagp#xv+Pb!b,Strong
d9-G}a_7PZ`p|l8,Strong
o)i{@vam5h|U2`{,Strong
JUW=gM~K1&eT:E/+,Strong
"QQU""L=h8R*kEaZ",Strong
$Lo|h=XW;&2ZqIz>,Strong
?Aogc5_rs[Q!?p,Strong
W9?~jX.A{Fi+@E,Strong
U*^{^P]##v4caD,Strong
7=U%8@zZv~VuPN,Strong
"^WF,ve<~JbdNM/o",Strong
4A=V:y;Ov0w$T1,Strong
"C7"">m*?;YPQai2/&",Strong
":M"",`z'y,j}'[6k!",Strong
;j;$W+|fRFs|IAdX,Strong
;h~o6uzv%#nDCWX,Strong
:W+J4#O^Hhfb{8,Strong
&/F#Y.Toz1kkUEu,Strong
"|7~XtjE(g""*IE$n0",Strong
"p,|U1j!Rn2""y(,'e",Strong
AUmk_&T[*{.e9v!M,Strong
"""Ugx}O3_:=9R2Gk",Strong
",v,pH)WV""Y=%j_.",Strong
B86Wnig#U\NVfyK,Strong
"D2vl0{v`1VSZ$U,",Strong
9nv\)?m4gSmM%p7,Strong
16;Km8h?n8w[JrQZ,Strong
bN.WA$%2F2:ZZkl1,Strong
QVB#}CG~4G?G?g,Strong
u%CDUb;>Yd`VZTgP,Strong
X.HF!tph0qT7Q-.,Strong
&OTaCbfz0=+96K#c,Strong
X]\@Z[ONYm^\YuR,Strong
"Ne`<!)vndNx>0Em""",Strong
Cz-()f76i4C/#kO,Strong
",F+e2HTfZz(wni",Strong
rcwj1FDO5q'!xs|,Strong
NFcu:@k`i1Gcal,Strong
CH'ojH2F]U\y'Z1',Strong
vOj#b/AJjKHECbC,Strong
7Bub;]rJS\n{iC#,Strong
"R.p""|:5"";N(`LL",Strong
9?yyb61v7!AN{@),Strong
"pl*({""Gl;Y0xKd",Strong
K{Pj9P/.zXs~5p,Strong
~h1.n2pI.Sqn$pO,Strong
aE>#<7`!J_v].<,Strong
q[rImGwkq7%:+X_,Strong
",=(K>$Ik1jq#!9D",Strong
)g0'3KXJWRS#rEoM,Strong
Gx]]72H65PdNHm)C,Strong
4A3;($.}&4l0EPE,Strong
"K97M}7s2#""1sU`A",Strong
nnwkK-9u(19sRiY,Strong
?6$c@OnpB|~P<Nb},Strong
"j.0MK^8,~LJ,NhJ@",Strong
hW3NDS_qE-olB!U-,Strong
5E@[&w@;`tV0_{_,Strong
{>cKdO^iCd4iKn0T,Strong
kIOynJ?6+L)8:u,Strong
(bao<wPg4ftBR4c*,Strong
7cJp@p(JKBNnL8G,Strong
B^'7R[4G/4l>/z,Strong
2535&NS)?)l_c'96,Strong
\y':Gmg8CucCzn,Strong
